INSERT INTO games(id, opponent)
VALUES
    (1, 'A');
INSERT INTO games(id, opponent)
VALUES
    (2, 'B');
INSERT INTO games(id, opponent)
VALUES
    (3, 'C');
INSERT INTO games(id, opponent)
VALUES
    (4, 'D');
INSERT INTO games(id, opponent)
VALUES
    (5, 'E');
INSERT INTO games(id, opponent)
VALUES
    (6, 'F');

INSERT INTO footballers_instance
VALUES
    ('3d61cf28-c14c-4ecf-a8f4-ec877debbd83');
INSERT INTO footballers_instance
VALUES
    ('b3f84794-de33-4748-a01c-86f417118e0b');
INSERT INTO footballers_instance
VALUES
    ('bbe9d5b6-1a36-4e5c-aa59-e4f5fe13a7de');
INSERT INTO footballers_instance
VALUES
    ('9b7214df-9db5-4014-9dfe-98e2c9fcbc1e');
INSERT INTO footballers_instance
VALUES
    ('dc220df6-4eba-4c4d-bc52-0d6af396f982');
INSERT INTO footballers_instance
VALUES
    ('61b90feb-9b65-4c40-a137-012a4b21cb4b');
INSERT INTO footballers_instance
VALUES
    ('bb4c0a81-18c9-454d-b0da-9b7c0ea6ef84');
INSERT INTO footballers_instance
VALUES
    ('284dc7c6-7c21-42df-9e97-9fdd9444e4d6');
INSERT INTO footballers_instance
VALUES
    ('78ba6429-7e7e-477a-83a6-fb453d44354d');
INSERT INTO footballers_instance
VALUES
    ('f2b759f0-6e12-4ee9-9f3b-791c77fc2e67');
INSERT INTO footballers_instance
VALUES
    ('d7f4c911-3b9f-4bb0-85c0-a2550832baf7');
INSERT INTO footballers_instance
VALUES
    ('b1c8e906-2c07-494d-a04c-1283da935d78');
INSERT INTO footballers_instance
VALUES
    ('a9136425-3bd2-47c1-bed0-c527c75ad143');
INSERT INTO footballers_instance
VALUES
    ('33c7bb04-e29b-4700-a0c3-c61df8004064');
INSERT INTO footballers_instance
VALUES
    ('bbf59993-c092-4161-a032-4d345041aa3d');
INSERT INTO footballers_instance
VALUES
    ('d8779df1-e873-4b67-92ae-4afa29d66a47');
INSERT INTO footballers_instance
VALUES
    ('0372f871-a6b6-4821-98a2-4f356bb695dd');
INSERT INTO footballers_instance
VALUES
    ('cc9bd1df-98da-4cf0-be21-1852ae1a8ddb');
INSERT INTO footballers_instance
VALUES
    ('b460e22d-e590-4c25-97f6-87fb52b571fe');
INSERT INTO footballers_instance
VALUES
    ('19a0fcf8-4498-4634-9b2d-102ad7358ece');

INSERT INTO footballers
VALUES
    ('894c1ea2-1ece-4e79-a45c-9930c3d41ef6', '3d61cf28-c14c-4ecf-a8f4-ec877debbd83', '2005-05-25', 0, 0, 'LEAGUE');
INSERT INTO footballers
VALUES
    ('20ac5668-7d48-4adb-9990-3a84f17c30b2', 'b3f84794-de33-4748-a01c-86f417118e0b', '2006-05-25', 0, 0, 'LEAGUE');
INSERT INTO footballers
VALUES
    ('f8d920c5-710e-4553-a5b6-664cae65b497', 'bbe9d5b6-1a36-4e5c-aa59-e4f5fe13a7de', '2004-05-25', 0, 0, 'LEAGUE');
INSERT INTO footballers
VALUES
    ('bfe9c20d-2668-4e88-a9e6-293a331e0909', '9b7214df-9db5-4014-9dfe-98e2c9fcbc1e', '2000-05-25', 0, 0, 'LEAGUE');
INSERT INTO footballers
VALUES
    ('cc76f5e4-5bac-4991-8293-0e79977dda83', 'dc220df6-4eba-4c4d-bc52-0d6af396f982', '2000-05-25', 0, 0, 'LEAGUE');
INSERT INTO footballers
VALUES
    ('caabd4ba-41f4-4db8-a237-3935defbb4cf', '61b90feb-9b65-4c40-a137-012a4b21cb4b', '2000-05-25', 0, 0, 'LEAGUE');
INSERT INTO footballers
VALUES
    ('0c9612fb-8557-48fc-bfa8-438b8d40a80d', 'bb4c0a81-18c9-454d-b0da-9b7c0ea6ef84', '2000-05-25', 0, 0, 'LEAGUE');
INSERT INTO footballers
VALUES
    ('b794d422-271a-4d1e-ae30-ec9ce85a82bb', '284dc7c6-7c21-42df-9e97-9fdd9444e4d6', '2000-05-25', 0, 0, 'LEAGUE');
INSERT INTO footballers
VALUES
    ('e94ba1d5-058c-43c9-aa30-1111eb3aaea2', '78ba6429-7e7e-477a-83a6-fb453d44354d', '2000-05-25', 0, 0, 'LEAGUE');
INSERT INTO footballers
VALUES
    ('fd3cd47f-3482-4297-af12-12015fe7f245', 'f2b759f0-6e12-4ee9-9f3b-791c77fc2e67', '2000-05-25', 0, 0, 'LEAGUE');
INSERT INTO footballers
VALUES
    ('593fb4a5-c1e0-41d3-8511-6dfcac482846', 'd7f4c911-3b9f-4bb0-85c0-a2550832baf7', '2000-05-25', 0, 0, 'LEAGUE');
INSERT INTO footballers
VALUES
    ('596e045c-7eaf-4126-9c20-9d387538acb2', 'b1c8e906-2c07-494d-a04c-1283da935d78', '2000-05-25', 0, 0, 'LEAGUE');
INSERT INTO footballers
VALUES
    ('89d33717-1a34-48a6-bab6-ef7f918f4010', 'a9136425-3bd2-47c1-bed0-c527c75ad143', '2006-05-15', 0, 0, 'LEAGUE');
INSERT INTO footballers
VALUES
    ('60df528b-53f6-4e87-8268-b570a286da1a', '33c7bb04-e29b-4700-a0c3-c61df8004064', '2001-05-25', 0, 0, 'LEAGUE');
INSERT INTO footballers
VALUES
    ('5310fbec-07fb-4749-87d2-d3216d86b0ea', 'bbf59993-c092-4161-a032-4d345041aa3d', '2003-06-25', 0, 0, 'LEAGUE');
INSERT INTO footballers
VALUES
    ('23b499ed-e02e-4b63-8d55-69a288fcf728', 'd8779df1-e873-4b67-92ae-4afa29d66a47', '2003-07-25', 0, 0, 'LEAGUE');
INSERT INTO footballers
VALUES
    ('ba2e41f2-6b0b-4627-a8c1-26b540841614', '0372f871-a6b6-4821-98a2-4f356bb695dd', '2004-08-25', 0, 0, 'LEAGUE');
INSERT INTO footballers
VALUES
    ('8f3dccc5-c258-4f3d-b6cf-cabdb5460925', 'cc9bd1df-98da-4cf0-be21-1852ae1a8ddb', '2006-05-25', 0, 0, 'LEAGUE');
INSERT INTO footballers
VALUES
    ('7a2827d7-e2c7-4ce9-8e18-a8c71c3465f5', 'b460e22d-e590-4c25-97f6-87fb52b571fe', '2005-05-25', 0, 0, 'LEAGUE');
INSERT INTO footballers
VALUES
    ('6767a160-3423-463b-9ca6-3fa37e62c1aa', '19a0fcf8-4498-4634-9b2d-102ad7358ece', '2004-05-25', 0, 0, 'LEAGUE');

INSERT INTO teams(id, name)
VALUES
    ('9158433b-7b03-49c7-84a0-dd731a9bd5b0', 'UNIA');

INSERT INTO teams_footballers(team_id, footballer_instance_id)
VALUES
    ('9158433b-7b03-49c7-84a0-dd731a9bd5b0', '3d61cf28-c14c-4ecf-a8f4-ec877debbd83');
INSERT INTO teams_footballers(team_id, footballer_instance_id)
VALUES
    ('9158433b-7b03-49c7-84a0-dd731a9bd5b0', 'b3f84794-de33-4748-a01c-86f417118e0b');
INSERT INTO teams_footballers(team_id, footballer_instance_id)
VALUES
    ('9158433b-7b03-49c7-84a0-dd731a9bd5b0', 'bbe9d5b6-1a36-4e5c-aa59-e4f5fe13a7de');
INSERT INTO teams_footballers(team_id, footballer_instance_id)
VALUES
    ('9158433b-7b03-49c7-84a0-dd731a9bd5b0', '9b7214df-9db5-4014-9dfe-98e2c9fcbc1e');
INSERT INTO teams_footballers(team_id, footballer_instance_id)
VALUES
    ('9158433b-7b03-49c7-84a0-dd731a9bd5b0', 'dc220df6-4eba-4c4d-bc52-0d6af396f982');
INSERT INTO teams_footballers(team_id, footballer_instance_id)
VALUES
    ('9158433b-7b03-49c7-84a0-dd731a9bd5b0', '61b90feb-9b65-4c40-a137-012a4b21cb4b');
INSERT INTO teams_footballers(team_id, footballer_instance_id)
VALUES
    ('9158433b-7b03-49c7-84a0-dd731a9bd5b0', 'bb4c0a81-18c9-454d-b0da-9b7c0ea6ef84');
INSERT INTO teams_footballers(team_id, footballer_instance_id)
VALUES
    ('9158433b-7b03-49c7-84a0-dd731a9bd5b0', '284dc7c6-7c21-42df-9e97-9fdd9444e4d6');
INSERT INTO teams_footballers(team_id, footballer_instance_id)
VALUES
    ('9158433b-7b03-49c7-84a0-dd731a9bd5b0', '78ba6429-7e7e-477a-83a6-fb453d44354d');
INSERT INTO teams_footballers(team_id, footballer_instance_id)
VALUES
    ('9158433b-7b03-49c7-84a0-dd731a9bd5b0', 'f2b759f0-6e12-4ee9-9f3b-791c77fc2e67');
INSERT INTO teams_footballers(team_id, footballer_instance_id)
VALUES
    ('9158433b-7b03-49c7-84a0-dd731a9bd5b0', 'd7f4c911-3b9f-4bb0-85c0-a2550832baf7');
INSERT INTO teams_footballers(team_id, footballer_instance_id)
VALUES
    ('9158433b-7b03-49c7-84a0-dd731a9bd5b0', 'b1c8e906-2c07-494d-a04c-1283da935d78');
INSERT INTO teams_footballers(team_id, footballer_instance_id)
VALUES
    ('9158433b-7b03-49c7-84a0-dd731a9bd5b0', 'a9136425-3bd2-47c1-bed0-c527c75ad143');
INSERT INTO teams_footballers(team_id, footballer_instance_id)
VALUES
    ('9158433b-7b03-49c7-84a0-dd731a9bd5b0', '33c7bb04-e29b-4700-a0c3-c61df8004064');
INSERT INTO teams_footballers(team_id, footballer_instance_id)
VALUES
    ('9158433b-7b03-49c7-84a0-dd731a9bd5b0', 'bbf59993-c092-4161-a032-4d345041aa3d');
INSERT INTO teams_footballers(team_id, footballer_instance_id)
VALUES
    ('9158433b-7b03-49c7-84a0-dd731a9bd5b0', 'd8779df1-e873-4b67-92ae-4afa29d66a47');
INSERT INTO teams_footballers(team_id, footballer_instance_id)
VALUES
    ('9158433b-7b03-49c7-84a0-dd731a9bd5b0', '0372f871-a6b6-4821-98a2-4f356bb695dd');
INSERT INTO teams_footballers(team_id, footballer_instance_id)
VALUES
    ('9158433b-7b03-49c7-84a0-dd731a9bd5b0', 'cc9bd1df-98da-4cf0-be21-1852ae1a8ddb');
INSERT INTO teams_footballers(team_id, footballer_instance_id)
VALUES
    ('9158433b-7b03-49c7-84a0-dd731a9bd5b0', 'b460e22d-e590-4c25-97f6-87fb52b571fe');
INSERT INTO teams_footballers(team_id, footballer_instance_id)
VALUES
    ('9158433b-7b03-49c7-84a0-dd731a9bd5b0', '19a0fcf8-4498-4634-9b2d-102ad7358ece');

INSERT INTO league
VALUES
    ('6baaeae1-39b3-4fe1-ab3d-35u6ac08a1sc');

INSERT INTO league_matches
VALUES
    ('8ab13d82-9767-4805-8e46-1c22fe515d21',
     '6baaeae1-39b3-4fe1-ab3d-35u6ac08a1sc',
     '2024-06-12',
     1,
     'SUBMITTED',
     null);
INSERT INTO league_matches
VALUES
    ('b2826310-33da-4ffc-ab4a-cd879aa047c0',
     '6baaeae1-39b3-4fe1-ab3d-35u6ac08a1sc',
     '2024-06-18',
     2,
     'PLANNED',
     null);
INSERT INTO league_matches
VALUES
    ('18129ccb-2e29-429c-a028-9c62f0b0e838',
     '6baaeae1-39b3-4fe1-ab3d-35u6ac08a1sc',
     '2024-06-22',
     3,
     'PLANNED',
     null);
INSERT INTO league_matches
VALUES
    ('3903ed76-010f-4a2c-b7ff-adba928d4e47',
     '6baaeae1-39b3-4fe1-ab3d-35u6ac08a1sc', '2024-06-28',
     4,
     'PLANNED',
     null);
INSERT INTO league_matches
VALUES
    ('8d8c287f-df7e-4ca1-9e03-c6b18e6b7706',
     '6baaeae1-39b3-4fe1-ab3d-35u6ac08a1sc',
     '2024-06-29',
     5,
     'PLANNED',
     null);
INSERT INTO league_matches
VALUES
    ('d4f960e3-99d3-423b-8b40-f5b277e3bbdc',
     '6baaeae1-39b3-4fe1-ab3d-35u6ac08a1sc',
     '2024-06-30',
     6,
     'PLANNED',
     null);



INSERT INTO league_matches_footballers
    (league_match_id, footballer_id, place)
values
    ('8ab13d82-9767-4805-8e46-1c22fe515d21', '894c1ea2-1ece-4e79-a45c-9930c3d41ef6', 'STARTING');
INSERT INTO league_matches_footballers
    (league_match_id, footballer_id, place)
values
    ('8ab13d82-9767-4805-8e46-1c22fe515d21', '20ac5668-7d48-4adb-9990-3a84f17c30b2', 'STARTING');
INSERT INTO league_matches_footballers
    (league_match_id, footballer_id, place)
values
    ('8ab13d82-9767-4805-8e46-1c22fe515d21', 'f8d920c5-710e-4553-a5b6-664cae65b497', 'STARTING');
INSERT INTO league_matches_footballers
    (league_match_id, footballer_id, place)
values
    ('8ab13d82-9767-4805-8e46-1c22fe515d21', 'bfe9c20d-2668-4e88-a9e6-293a331e0909', 'STARTING');
INSERT INTO league_matches_footballers
    (league_match_id, footballer_id, place)
values
    ('8ab13d82-9767-4805-8e46-1c22fe515d21', 'cc76f5e4-5bac-4991-8293-0e79977dda83', 'STARTING');
INSERT INTO league_matches_footballers
    (league_match_id, footballer_id, place)
values
    ('8ab13d82-9767-4805-8e46-1c22fe515d21', 'caabd4ba-41f4-4db8-a237-3935defbb4cf', 'STARTING');
INSERT INTO league_matches_footballers
    (league_match_id, footballer_id, place)
values
    ('8ab13d82-9767-4805-8e46-1c22fe515d21', '0c9612fb-8557-48fc-bfa8-438b8d40a80d', 'STARTING');
INSERT INTO league_matches_footballers
    (league_match_id, footballer_id, place)
values
    ('8ab13d82-9767-4805-8e46-1c22fe515d21', 'b794d422-271a-4d1e-ae30-ec9ce85a82bb', 'STARTING');
INSERT INTO league_matches_footballers
    (league_match_id, footballer_id, place)
values
    ('8ab13d82-9767-4805-8e46-1c22fe515d21', 'e94ba1d5-058c-43c9-aa30-1111eb3aaea2', 'STARTING');
INSERT INTO league_matches_footballers
    (league_match_id, footballer_id, place)
values
    ('8ab13d82-9767-4805-8e46-1c22fe515d21', 'fd3cd47f-3482-4297-af12-12015fe7f245', 'STARTING');
INSERT INTO league_matches_footballers
    (league_match_id, footballer_id, place)
values
    ('8ab13d82-9767-4805-8e46-1c22fe515d21', '593fb4a5-c1e0-41d3-8511-6dfcac482846', 'STARTING');
INSERT INTO league_matches_footballers
    (league_match_id, footballer_id, place)
values
    ('8ab13d82-9767-4805-8e46-1c22fe515d21', '596e045c-7eaf-4126-9c20-9d387538acb2', 'SUBS');
INSERT INTO league_matches_footballers
    (league_match_id, footballer_id, place)
values
    ('8ab13d82-9767-4805-8e46-1c22fe515d21', '89d33717-1a34-48a6-bab6-ef7f918f4010', 'SUBS');
INSERT INTO league_matches_footballers
    (league_match_id, footballer_id, place)
values
    ('8ab13d82-9767-4805-8e46-1c22fe515d21', '8f3dccc5-c258-4f3d-b6cf-cabdb5460925', 'SUBS');

INSERT INTO  injuries VALUES(
                                '9ab13d82-9767-4805-8e46-1c22fe515d21',
                                'd7f4c911-3b9f-4bb0-85c0-a2550832baf7',
    '2024-12-12',
'Name', 'resason', 'CURRENT'                            );
-- INSERT INTO exclusions(id, footballer_id, type, quantity, active, till)
-- VALUES
--     ('894c1ea2-1ece-4e79-a45c-9930c3d41ef5',
--      '20ac5668-7d48-4adb-9990-3a84f17c30b2',
--      'QUANTITATIVE',
--      2,
--      null, null);
-- INSERT INTO exclusions(id, footballer_id, type, quantity, active, till)
-- VALUES
--     ('20ac5668-7d48-4adb-9990-3a84f17c30b1',
--      'f8d920c5-710e-4553-a5b6-664cae65b497',
--      'STATE',
--      null,
--      true, null);
